id,list_name,position,board_id,created_at,updated_at
1,admit,1,6,2025-05-09T09:41:26.413392,2025-05-09T09:41:26.413398
2,rise,2,2,2025-05-09T09:41:26.413417,2025-05-09T09:41:26.413422
3,tend,3,7,2025-05-09T09:41:26.413438,2025-05-09T09:41:26.413442
4,plant,4,5,2025-05-09T09:41:26.413456,2025-05-09T09:41:26.413461
5,must,5,6,2025-05-09T09:41:26.413477,2025-05-09T09:41:26.413481
6,general,6,2,2025-05-09T09:41:26.413496,2025-05-09T09:41:26.413500
7,catch,7,5,2025-05-09T09:41:26.413515,2025-05-09T09:41:26.413520
8,rule,8,4,2025-05-09T09:41:26.413540,2025-05-09T09:41:26.413543
9,almost,9,9,2025-05-09T09:41:26.413559,2025-05-09T09:41:26.413565
10,baby,10,10,2025-05-09T09:41:26.413579,2025-05-09T09:41:26.413583
11,one,11,6,2025-05-09T09:41:26.413597,2025-05-09T09:41:26.413600
12,difference,12,1,2025-05-09T09:41:26.413608,2025-05-09T09:41:26.413610
13,moment,13,3,2025-05-09T09:41:26.413617,2025-05-09T09:41:26.413619
14,cold,14,8,2025-05-09T09:41:26.413626,2025-05-09T09:41:26.413628
15,anything,15,5,2025-05-09T09:41:26.413635,2025-05-09T09:41:26.413639
